{
  "damage_time": 5.1,
  "pre_total_ref": 10.44499592854716,
  "pre_boundary_ref": 0.8388369900508258,
  "target_boundary_fraction": 0.6291277425381193,
  "rolling_window_seconds": 0.6,
  "variants": {
    "full_law": {
      "recovery_time": 0.03000000000000025,
      "rolling_recovery_time": 0.03000000000000025,
      "final_boundary_fraction": 0.6867280330595044,
      "final_transfer_efficiency": 0.5134279094435336,
      "final_edge_bulk_ratio": 0.9961312891155076,
      "final_coherence": 0.9999871748755371
    },
    "principal_branch": {
      "recovery_time": null,
      "rolling_recovery_time": null,
      "final_boundary_fraction": 0.47796325236191595,
      "final_transfer_efficiency": 0.30869788073785964,
      "final_edge_bulk_ratio": 0.9928113025705513,
      "final_coherence": 0.99999984113312
    },
    "no_topology_feedback": {
      "recovery_time": null,
      "rolling_recovery_time": null,
      "final_boundary_fraction": 0.4782218579913731,
      "final_transfer_efficiency": 0.30853096611790515,
      "final_edge_bulk_ratio": 0.9948914935396441,
      "final_coherence": 1.0
    },
    "fixed_ruler": {
      "recovery_time": 0.03000000000000025,
      "rolling_recovery_time": 0.03000000000000025,
      "final_boundary_fraction": 0.7364010581216404,
      "final_transfer_efficiency": 0.610179122599608,
      "final_edge_bulk_ratio": 1.0,
      "final_coherence": 0.9999953892721529
    }
  }
}