{
  "alpha0_vs_lambda_s": {
    "recovery_fraction": 0.4375,
    "bf_mean": 0.5394365737552288,
    "bf_range": [
      0.4117083925029834,
      0.9415103910783635
    ]
  },
  "chi_vs_damage_scale": {
    "recovery_fraction": 0.59375,
    "bf_mean": 0.7318188885721574,
    "bf_range": [
      0.4232037621914788,
      0.9909974792942029
    ]
  }
}