{
  "alpha0_vs_lambda_s": {
    "recovery_fraction": 0.171875,
    "bf_mean": 0.6678713592932883,
    "bf_range": [
      0.5971430905083079,
      0.7582293314926879
    ]
  },
  "chi_vs_damage_scale": {
    "recovery_fraction": 0.359375,
    "bf_mean": 0.6577152100448833,
    "bf_range": [
      0.6337040570466201,
      0.7293393797933138
    ]
  }
}